id_cap_ql;ten_cap_ql
fb8a0d4a-4ade-45c3-ab18-6b22c6b26071;silky
99f6a9d1-9bd6-4e39-a2bb-cf803f891fe0;and below
941ebb79-7d09-487f-b94d-88b7a52e2109;but
528fea83-c5f2-4cce-96cd-1617b91e5fdf;into kindly
7ad526b1-efaf-4efe-9544-83cf75e1c69a;aircraft
96e92fcf-2389-41c2-9b9b-8d0941169105;pfft possession where
4073ecb8-1fe2-4cad-bf2e-fca6320ef948;euphoric
8da64f96-a3a1-4d93-a077-dfadd19fe1bc;rubbery little
1194adad-3dcf-4343-9af9-5268f89e7d5c;below beneath modulo
e2bd2d4f-b1a1-41e0-ba3b-b6f74580112e;of role yawning
